호차,방면명,차량번호,기사연락처,순번,정류장명,상세 승하차 위치,1회차(오전),2회차(오전),3회차(오후1),4회차(오후2),비고
1호차,우정·조암 방면,경기 70바 1001,홍길동(010-1234-5671),1,조암터미널,터미널 건너편 버스정류장,08:30,10:00,13:10,16:10,출발지
1호차,우정·조암 방면,경기 70바 1001,홍길동(010-1234-5671),2,우정읍행정복지센터,농협 앞 버스승강장,08:35,10:05,13:15,16:15,
1호차,우정·조암 방면,경기 70바 1001,홍길동(010-1234-5671),3,원안리 마을회관,마을회관 입구 표지판 앞,08:45,10:15,13:25,16:25,
1호차,우정·조암 방면,경기 70바 1001,홍길동(010-1234-5671),4,석천리 입구,삼거리 편의점 앞,08:52,10:22,13:32,16:32,
1호차,우정·조암 방면,경기 70바 1001,홍길동(010-1234-5671),5,어은리 입구,시내버스 정류장,09:00,10:30,13:40,16:40,
1호차,우정·조암 방면,경기 70바 1001,홍길동(010-1234-5671),6,화성남부(도착),복지관/센터 본관 앞 정문,09:15,10:45,13:55,16:55,도착지
2호차,향남·발안 방면,경기 70바 1002,김철수(010-1234-5672),1,발안만세시장 입구,시장 공영주차장 맞은편,08:35,10:05,13:10,16:10,출발지
2호차,향남·발안 방면,경기 70바 1002,김철수(010-1234-5672),2,향남읍행정복지센터,센터 앞 시내버스 승강장,08:42,10:12,13:17,16:17,
2호차,향남·발안 방면,경기 70바 1002,김철수(010-1234-5672),3,향남홈플러스 맞은편,육교 밑 버스정류장,08:48,10:18,13:23,16:23,
2호차,향남·발안 방면,경기 70바 1002,김철수(010-1234-5672),4,향남2지구 중심상가,국민은행 앞 승강장,08:58,10:28,13:33,16:33,
2호차,향남·발안 방면,경기 70바 1002,김철수(010-1234-5672),5,화성남부(도착),복지관/센터 본관 정문 앞,09:15,10:45,13:50,16:50,도착지
3호차,양감 방면,경기 70바 1003,이영희(010-1234-5673),1,신왕리 마을회관,회관 앞 정자 부근,08:30,10:00,13:10,16:10,출발지
3호차,양감 방면,경기 70바 1003,이영희(010-1234-5673),2,송산리 입구,버스정류장 표지판 앞,08:40,10:10,13:20,16:20,
3호차,양감 방면,경기 70바 1003,이영희(010-1234-5673),3,양감면행정복지센터,면사무소 정문 입구,08:50,10:20,13:30,16:30,
3호차,양감 방면,경기 70바 1003,이영희(010-1234-5673),4,사창리 사거리,농협 창고 앞,09:00,10:30,13:40,16:40,
3호차,양감 방면,경기 70바 1003,이영희(010-1234-5673),5,화성남부(도착),복지관/센터 본관 앞,09:15,10:45,13:55,16:55,도착지
4호차,팔탄 방면,경기 70바 1004,박민수(010-1234-5674),1,구장사거리,농협 하나로마트 앞,08:35,10:05,13:10,16:10,출발지
4호차,팔탄 방면,경기 70바 1004,박민수(010-1234-5674),2,팔탄면행정복지센터,복지센터 정문 앞 버스베이,08:43,10:13,13:18,16:18,
4호차,팔탄 방면,경기 70바 1004,박민수(010-1234-5674),3,하저리 마을회관,마을회관 버스정류장,08:52,10:22,13:27,16:27,
4호차,팔탄 방면,경기 70바 1004,박민수(010-1234-5674),4,율암온천 삼거리,삼거리 편의점 맞은편,09:02,10:32,13:37,16:37,
4호차,팔탄 방면,경기 70바 1004,박민수(010-1234-5674),5,화성남부(도착),복지관/센터 본관 앞,09:15,10:45,13:50,16:50,도착지
5호차,정남 방면,경기 70바 1005,최동석(010-1234-5675),1,발산리 마을입구,마을회관 앞 버스승강장,08:30,10:00,13:10,16:10,출발지
5호차,정남 방면,경기 70바 1005,최동석(010-1234-5675),2,정남면행정복지센터,농협 앞 버스정류장,08:40,10:10,13:20,16:20,
5호차,정남 방면,경기 70바 1005,최동석(010-1234-5675),3,문학리 사거리,문학보건진료소 앞,08:50,10:20,13:30,16:30,
5호차,정남 방면,경기 70바 1005,최동석(010-1234-5675),4,신리 입구,신리교차로 시내버스 정류장,09:00,10:30,13:40,16:40,
5호차,정남 방면,경기 70바 1005,최동석(010-1234-5675),5,화성남부(도착),복지관/센터 본관 앞,09:15,10:45,13:55,16:55,도착지
6호차,장안·우정 순환,경기 70바 1006,정상호(010-1234-5676),1,장안면행정복지센터,면사무소 앞 주차장 입구,08:35,10:05,13:10,16:10,출발지
6호차,장안·우정 순환,경기 70바 1006,정상호(010-1234-5676),2,사곡리 마을회관,회관 정문 앞,08:44,10:14,13:19,16:19,
6호차,장안·우정 순환,경기 70바 1006,정상호(010-1234-5676),3,어은삼거리,마트 앞 시내버스 정류장,08:53,10:23,13:28,16:28,
6호차,장안·우정 순환,경기 70바 1006,정상호(010-1234-5676),4,덕다리 입구,마을 표지석 맞은편,09:02,10:32,13:37,16:37,
6호차,장안·우정 순환,경기 70바 1006,정상호(010-1234-5676),5,화성남부(도착),복지관/센터 본관 앞,09:15,10:45,13:50,16:50,도착지
7호차,남부 순환 방면,경기 70바 1007,강태호(010-1234-5677),1,향남복합문화센터,센터 주차장 입구 버스베이,08:35,10:05,13:10,16:10,출발지
7호차,남부 순환 방면,경기 70바 1007,강태호(010-1234-5677),2,상신리 마을회관,마을회관 앞 시내버스 정류장,08:45,10:15,13:20,16:20,
7호차,남부 순환 방면,경기 70바 1007,강태호(010-1234-5677),3,구문천리 공단입구,사거리 편의점 앞,08:55,10:25,13:30,16:30,
7호차,남부 순환 방면,경기 70바 1007,강태호(010-1234-5677),4,발안바이오고교 앞,정문 건너편 버스정류장,09:05,10:35,13:40,16:40,
7호차,남부 순환 방면,경기 70바 1007,강태호(010-1234-5677),5,화성남부(도착),복지관/센터 본관 앞,09:15,10:45,13:50,16:50,도착지
